部屋,氏名,開始,終了
会議室(さくら),田中太郎,2025-08-04T09:00:00+09:00,2025-08-04T10:30:00+09:00
相談室(スミレ・コスモス),佐藤花子,2025-08-04T11:00:00+09:00,2025-08-04T12:00:00+09:00
テレワークルームA,鈴木一郎,2025-08-04T13:30:00+09:00,2025-08-04T15:00:00+09:00
テレワークルームB,山田美咲,2025-08-05T09:00:00+09:00,2025-08-05T11:00:00+09:00
会議室(さくら),高橋健太,2025-08-05T14:00:00+09:00,2025-08-05T16:00:00+09:00
相談室(スミレ・コスモス),伊藤麻衣,2025-08-06T10:00:00+09:00,2025-08-06T11:30:00+09:00
テレワークルームA,渡辺大輔,2025-08-06T13:00:00+09:00,2025-08-06T17:00:00+09:00
テレワークルームB,小林裕子,2025-08-07T09:30:00+09:00,2025-08-07T12:00:00+09:00
会議室(さくら),中村俊介,2025-08-08T15:00:00+09:00,2025-08-08T17:30:00+09:00
相談室(スミレ・コスモス),加藤恵美,2025-08-09T11:00:00+09:00,2025-08-09T12:30:00+09:00